date,realized_variance,variance_EWMA(lambda=0.94),"variance_GARCH(1,1)","variance_EGARCH(1,1)","variance_GJR-GARCH(1,1)"
2024-07-22,0.016813184947671773,0.13367261139423664,0.15263760475069466,0.1717035579128532,0.15153129838935345
2024-07-23,0.0076710809047126766,0.12666104580744275,0.14230961835672734,0.158942101081981,0.14147218223816121
2024-07-24,0.0001231090980594581,0.11952164791327893,0.1321764376461483,0.14447288230028413,0.13152961825090387
2024-07-25,0.02185604410306615,0.11235773558436576,0.12243801992103474,0.12652298068660203,0.12193070510860152
2024-07-26,0.3174989886982932,0.10692763409548778,0.1154103041159877,0.11984558074234118,0.11510912109055634
2024-07-29,0.11288327990988037,0.11956191537165611,0.13621689838806272,0.14502617432810447,0.13774067869842158
2024-07-30,0.013174220034296535,0.11916119724394957,0.13745038530791187,0.15056838511275927,0.1379980551495036
2024-07-31,0.02698261072900775,0.11280197861137038,0.12824471909540916,0.13903625194351593,0.12887320125530208
2024-08-01,0.2035357384255386,0.10765281653842862,0.12112040001931579,0.13227047531946137,0.12188057249170672
2024-08-02,0.025543391121508618,0.11340579185165522,0.13258963351792272,0.14700888440753412,0.13169605542942558
2024-08-05,2.7756701618414437,0.10813404780784643,0.12492652151560178,0.13913034356584775,0.12430434750581332
2024-08-06,1.4802387739725653,0.2681862146498624,0.3818876797593262,0.2822750134601082,0.3589805629624804
2024-08-07,0.11850842113618747,0.3409093682092247,0.48624978759916687,0.38782160103092256,0.47432073818686266
2024-08-08,0.6459742407796413,0.32756531138484246,0.45489911964020036,0.3738835369311964,0.4435727146157363
2024-08-09,0.07561564305647868,0.3466698471485304,0.47734537390193416,0.4157315376337693,0.46226980806416607
2024-08-12,0.14629215701932732,0.3304065949030073,0.44264160266885205,0.3911136632658479,0.42880128000756745
2024-08-13,0.03809649838329342,0.3193597286299865,0.418123634505346,0.3811812506880932,0.40479457952509296
2024-08-14,1.594033922141392,0.30248393481518493,0.38455177972714427,0.35077441659863223,0.37302061197368247
2024-08-15,0.6817371474698417,0.3799769340547574,0.5042968414088818,0.45471338132459893,0.4813085206637228
2024-08-16,0.7460885160354658,0.3980825468596625,0.5254955325440158,0.4959937773021204,0.4996124465415727
2024-08-19,0.2098054104602095,0.4189629050102107,0.5474645601606614,0.5471884805145187,0.5287027472336462
2024-08-20,1.0515534671737967,0.4064134553372106,0.5191846071616801,0.5318813311199327,0.5009903442928875
2024-08-21,0.2737094812552528,0.4451218560474058,0.5743714636135614,0.5990492476457829,0.5498631377427371
2024-08-22,0.07377540512433585,0.4348371135598766,0.5497212938846826,0.5878566847089853,0.5258298787083333
2024-08-23,2.454586685698879,0.4131734110537441,0.5069201744831935,0.5430567938197982,0.4861435003909083
2024-08-26,5.102379716798341,0.5356582075324523,0.6909886233736879,0.7177554218290811,0.6868426796799396
2024-08-27,0.30672480073510516,0.8096614980884058,1.1157692058759947,1.0192577864937333,1.0714859472747453
2024-08-28,0.0008467079386730768,0.7794852962472077,1.040884557498515,0.9742792873891386,1.0035249073789279
2024-08-29,0.03075174550787768,0.7327669809486956,0.9451643277654771,0.8390384501872712,0.9123274062771451
2024-08-30,0.0009660899142614769,0.6906460668222465,0.8617364359021157,0.7491394279342841,0.8326490470746997
2024-09-02,0.2682476888149836,0.6492652682077674,0.7829811207516418,0.647564471485224,0.7574554294298621
2024-09-03,0.0009966330475978894,0.6264042134442004,0.7360253034695858,0.633623207084086,0.7151008321819289
2024-09-04,0.006797134536621619,0.5888797586204042,0.669295145110646,0.5517477130988113,0.6510300091797948
2024-09-05,0.326483885662142,0.5539548011753772,0.6092068007159729,0.4855634444126966,0.5933094298981095
2024-09-06,0.0315313430795826,0.5403065462445831,0.5863492659775295,0.49071994492847093,0.5698724742082976
2024-09-09,0.006063186053449776,0.509780034054683,0.5369636229319812,0.44608461323691057,0.5223244246090796
2024-09-10,0.11268719068299299,0.47955702317460897,0.4896463219963308,0.3957298080521491,0.4768286975707502
2024-09-11,0.04330857491842773,0.45754483322511197,0.45608922898301085,0.38037450771543446,0.44550088161979645
2024-09-12,0.11308890372226355,0.4326906577267109,0.4193916919200491,0.3515452661765825,0.4104116122195381
2024-09-13,0.014069614237141023,0.41351455248644403,0.3938409521365202,0.3402343828451516,0.38516161920689246
2024-09-16,0.027829263542400343,0.3895478561914858,0.360908920257988,0.3077806729123984,0.353278596020739
2024-09-17,0.0027024595003687247,0.36784474063254063,0.33249112196996555,0.28388448328891047,0.3256652939543648
2024-09-18,0.06777278679053,0.3459362037646103,0.3041595522352111,0.25235155906974704,0.2982383461361376
2024-09-19,0.0854846082348305,0.3292463987461655,0.2850777992679989,0.24301666153039023,0.2794178624614555
2024-09-20,0.4527160916090906,0.3146206913154854,0.26954165821741727,0.2374359404724147,0.2639551435204915
2024-09-23,0.08253964874651078,0.3229064153331017,0.29098329525726174,0.2688301405712933,0.28247805332294285
2024-09-24,0.01756891563239003,0.3084844093379063,0.274599435799548,0.2604173316932495,0.26646398626822065
2024-09-25,0.12242355629303169,0.2910294797155753,0.2527928690700757,0.23769682891842922,0.24571513521396052
2024-09-26,0.28121953231275765,0.2809131243102227,0.24392203666459672,0.2377715069594048,0.2367177255084496
2024-09-27,0.7548298700333794,0.2809315087903748,0.24919517082425338,0.25666798245843525,0.2443888806441303
2024-09-30,0.10112872118364484,0.30936541046495514,0.3015441665562298,0.30900777655686507,0.29128481803037304
2024-10-01,0.12063338486050322,0.2968712091080765,0.2847327411676335,0.29996517635878,0.27620316848549775
2024-10-02,0.34987217780623125,0.2862969396532221,0.2713013523437246,0.29493139873241325,0.2644300997876467
2024-10-03,0.17188560377579273,0.2901114539424027,0.28036120963059097,0.31790864462428736,0.2762777915372716
2024-10-04,0.7467981422980497,0.2830179029324061,0.2720629958402419,0.3188618447984437,0.26950377502707673
2024-10-07,1.5398183699239514,0.31084471729434476,0.3180873855049582,0.3754563045318683,0.3202059147981387
2024-10-08,0.35861213904257777,0.3845831364521212,0.4340806215671926,0.48782243349301185,0.4451170018633598
2024-10-09,0.1536836764680679,0.38302487660754864,0.42854527699928274,0.4996280851323786,0.44091288328156497
2024-10-10,0.01289870895331574,0.3692644045991798,0.4060799921407057,0.4803527791777452,0.41643094467218794
2024-10-11,0.001617244003446679,0.34788246286042795,0.37186873068319515,0.42952361322527455,0.38150950285820723
2024-10-14,0.48629270438568645,0.3271065497290091,0.3395262197792323,0.3750659464019839,0.3485937175396552
2024-10-15,0.0049928401005239825,0.33665771900840974,0.357569687626433,0.40356221618028515,0.3621483536425551
2024-10-16,0.0012924530035639465,0.3167578262739366,0.3268404663292219,0.35615336424651545,0.33131609008149243
2024-10-17,0.0011573778895399712,0.29782990387771424,0.29722126195652243,0.303788459909322,0.3003712850878192
2024-10-18,0.342230392970958,0.28002955231842375,0.27033415188911664,0.2619472146411031,0.27327264820350194
2024-10-21,0.028210123499942997,0.28376160275757584,0.28206465985246676,0.2881383219116231,0.2827879874543805
2024-10-22,0.3292113516301815,0.26842851400211787,0.25987459561967496,0.26457709036444593,0.260459646117718
2024-10-23,0.03712015394998223,0.2720754842598017,0.26898160119408177,0.28825392277048806,0.27109385593661434
2024-10-24,0.2428683663445094,0.2579781644412125,0.24828865092994928,0.265540121446467,0.25042197098635843
2024-10-25,0.07038794039437003,0.25707157655541035,0.2499715261286591,0.27931966387012874,0.2530619219980442
2024-10-28,0.18098794023958356,0.24587055838574792,0.2355199435626177,0.26729099965343645,0.23796970188693622
2024-10-29,0.14043251579925234,0.24197760129697807,0.23235450985775122,0.27298795805169634,0.23543297589472484
2024-10-30,0.017760863904367246,0.23588489616711453,0.22549666709278207,0.2723223277600667,0.22895001834851267
2024-10-31,0.21238482255681923,0.2227974542313497,0.2073740832317997,0.245369187962422,0.21061061976974987
2024-11-01,0.012417717818503538,0.22217269633087788,0.21206119836278037,0.258069636409026,0.21378689503153864
2024-11-04,0.6685099593952495,0.2095873976201354,0.19480467790381095,0.23083169747550236,0.19646047813809722
2024-11-05,0.10809712840409781,0.2371227513266423,0.24446534288309582,0.28663598167243093,0.24913108647549406
2024-11-06,0.6316917582178001,0.22938121395128963,0.2345304144009458,0.2808919525575692,0.23817190227486187
2024-11-07,0.9471695836053948,0.2535198466072803,0.27970942034835244,0.33331587357310877,0.2793446073518718
2024-11-08,2.7510244189503386,0.2951388308271672,0.34872248435245906,0.4106732135019205,0.3529537584365185
2024-11-11,0.3268436271742653,0.4424919661145576,0.5992233326799863,0.6126568466677638,0.5869706188876828
2024-11-12,0.5625439918983133,0.43555306577814,0.5736438524669901,0.6070191524959704,0.5643637209809563
2024-11-13,0.022949015280327806,0.44317252134535046,0.5742254810587563,0.6331011250189414,0.568729869116866
2024-11-14,0.13584050230238992,0.41795911098144906,0.5211898400960177,0.5566529264997775,0.5165668906767272
2024-11-15,0.29359119546334433,0.40103199446070553,0.484556158035655,0.5241429986200906,0.4812006799971413
2024-11-18,0.06966797375145455,0.39458554652086386,0.46730273054094124,0.5223873291247559,0.46580940073151134
2024-11-19,0.2889987731663819,0.3750904921546993,0.4307120435549917,0.48063729958081414,0.42914755437813873
2024-11-20,0.004839871026333594,0.3699249890154003,0.42066041030751267,0.48376509257563666,0.41772431058875503
2024-11-21,0.36539324767933734,0.34801988193605626,0.38154321567436034,0.41833845215295684,0.3790785042718071
2024-11-22,0.366917541099772,0.3490622838806531,0.38190905871232655,0.4355925473961554,0.38150868259557413
2024-11-25,0.6010373731523804,0.3501335993138002,0.3848611014785403,0.45278926167066813,0.3824900807685497
2024-11-26,0.059393735622308326,0.36518782574411507,0.4084640904519815,0.49415274344425014,0.4092752974466694
2024-11-27,0.03274411714267699,0.34684018033680664,0.376762328671146,0.4532344150346008,0.3773023130975379
2024-11-28,0.17499589793513848,0.3279944165451589,0.34470723083788585,0.4071139817337845,0.34545885116265435
2024-11-29,0.008347206618326851,0.3188145054285576,0.33156999484372945,0.40033489222359314,0.33134635471194296
2024-12-02,0.09553060707965677,0.30018646749994377,0.3018087731183765,0.35039513493835167,0.3017528717809295
2024-12-03,0.26052261943393107,0.28790711587472656,0.2847364724688526,0.3355641987168048,0.28423429472820116
2024-12-04,0.03548819283180332,0.2862640460882788,0.28447554886310333,0.3462209783223156,0.2852971060113176
2024-12-05,0.043998438763668136,0.27121749489289027,0.2620527301080221,0.31554913539090734,0.2630259768026035
2024-12-06,0.17710169045608615,0.2575843515251369,0.243582332036681,0.2931323300933924,0.24428978676141627
2024-12-09,0.007818810492241068,0.2527553918609939,0.24093008785256248,0.29744525932173643,0.24060686623846764
2024-12-10,0.05812361101255118,0.2380591969788687,0.2206836231256156,0.26424913243652165,0.22042846306850955
2024-12-11,0.07671438218467949,0.22726306182088965,0.20692731083689236,0.24966186633119905,0.20700238663837778
2024-12-12,0.11912278872304183,0.21823014104271704,0.19638164239550093,0.24051623578425482,0.19683073144438512
2024-12-13,0.0007596853116945134,0.21228369990353652,0.1910727677511378,0.23956833488337653,0.19204702906579213
2024-12-16,0.1332792586431525,0.199592259028026,0.17493454255544902,0.2068954730166603,0.1758668228175064
2024-12-17,0.19604099044895246,0.1956134790049336,0.17319944697786369,0.21098144860432735,0.17466338597091016
2024-12-18,0.03264149096149718,0.1956391296915747,0.1796598328451211,0.22406015683286767,0.1798721670971466
2024-12-19,1.8668875762120078,0.18585927136777006,0.168341596305951,0.20965634586921617,0.16839313608694798
2024-12-20,1.042379137932409,0.2867209696584244,0.34122755240509206,0.34575951684999673,0.35023839150277286
2024-12-23,1.2268767235781908,0.33206045975486354,0.41772869395571555,0.4303702181794097,0.41982405958699137
2024-12-24,0.12969541335819132,0.3857494355842632,0.5008515774576878,0.528949835806541,0.5087114421153116
2024-12-25,2.351623939629963,0.3703861942506989,0.4656759732927038,0.498498656286905,0.473503944690027
2024-12-26,33.75124197119415,0.4892604589734549,0.6635018792009003,0.6777742880161672,0.656887757818585
2024-12-27,51.35983405569593,2.4849793497066983,4.037623830582559,2.631150175619986,3.8333300387105966
2024-12-30,0.004619984297304042,5.417470632066054,8.8303457257987,5.768936349051843,8.900924017318841
2024-12-31,0.3280834639214394,5.092699593199929,7.937744197357277,4.764709407996844,8.00527844574484
2025-01-02,0.8042055179356846,4.806822625443219,7.169626053717351,4.15047181403574,7.232101685228779
2025-01-03,0.032872269678505164,4.566665598992767,6.524824280814859,3.7636961676217044,6.588092231155481
2025-01-06,0.018971918775175158,4.2946379992339105,5.869376234213576,3.1718585959290504,5.929090036277495
2025-01-07,3.4338094202140845e-06,4.038098034406387,5.278968575799682,2.6703743645084135,5.335261320456409
2025-01-08,0.01751740643077183,3.7958123583705685,4.746288092972802,2.21593742176722,4.799339665208458
2025-01-09,0.03417930535017458,3.5691146612541806,4.2697365368704725,1.879985967582491,4.319521408823417
2025-01-10,0.09284792139444935,3.3570185398999404,3.8426084161100427,1.610452733958494,3.889463113640306
2025-01-13,0.0363817262371551,3.1611683027896107,3.4645534426906424,1.4147801189837421,3.5088357923838207
2025-01-14,0.027909373000094502,2.973681108196463,3.1193783049024417,1.2232606587152075,3.1609179169761847
2025-01-15,0.023126855270698476,2.7969348040846804,2.6678107877922215,0.8200109008789527,2.6875133563330786
2025-01-16,0.06234351111560305,2.6305063271558415,2.3650470938555697,0.6867930661636302,2.3830632179493447
2025-01-17,0.0023897837166046796,2.476416558193427,2.1017007124601337,0.598698082091729,2.118262131155502
2025-01-20,0.00010789692453974199,2.3279749517248174,1.862433647940838,0.49080185870297727,1.8775059645692593
2025-01-21,0.5607058388699012,2.188302928436801,1.6507937231575303,0.4019896220727368,1.6644972659752724
2025-01-22,0.2774881385485378,2.090647103062787,1.5305188334109414,0.4566282173026424,1.5410968384335826
2025-01-23,0.3622846661018126,1.981857565191932,1.388215098403285,0.45712583583134403,1.3986109657330414
2025-01-24,0.00013693146431489577,1.8846831912465247,1.2750192351639296,0.4776236860319088,1.2832789462050436
2025-01-27,0.16602428742973332,1.771610415659592,1.1315042982535506,0.3916963535044201,1.1390590720590508
2025-01-28,0.0033123996803449606,1.6752752479658004,1.0248408039492822,0.3846363784831129,1.0311887240727293
2025-01-29,2.9346028631408445,1.574957477068673,0.9108182050155307,0.32391353354954555,0.9166188927312778
2025-01-30,4.936458529203221,1.6565362002330035,1.1540063570220955,0.6130161240039083,1.1495147251635844
2025-01-31,0.05041332645738292,1.8533315399712167,1.5914688565897022,1.06443225196248,1.6018040664666031
2025-02-03,0.16778592465498574,1.7451564471603866,1.4165073397024026,0.8983531625677686,1.4260814984165884
2025-02-04,0.017011571248050084,1.6505142158100625,1.27499111654511,0.8065615286180998,1.2841716373005705
2025-02-05,0.016421959564134624,1.5525040571363415,1.1337279319209637,0.67624996349408,1.1420408330509773
2025-02-06,3.764431667900856e-05,1.460339131282009,1.0087720884344884,0.5711879522879415,1.0162897890756863
2025-02-07,0.031388022232449006,1.3727210420640892,0.8961068066861351,0.46516003471535927,0.9029492871290722
2025-02-10,0.005679510668068966,1.2922410608741906,0.7996917380975134,0.4043868086147968,0.8059810295877243
2025-02-11,0.008901033377489053,1.2150473678618232,0.7120963672905796,0.34252844812798194,0.7177895758081009
2025-02-12,0.0065287811250490544,1.142678587792763,0.6346155111427407,0.29185048431251936,0.639795458536927
2025-02-13,0.03754937251321039,1.0745095993927,0.5658777533190932,0.2487324012298519,0.5705823741878577
2025-02-14,0.916305931795504,1.0122919857799306,0.5084307533597696,0.2269119655597191,0.5127752335691816
2025-02-17,0.08066789253569882,1.006532822540865,0.5623763228541696,0.3288683135714369,0.5632492774594573
2025-02-18,0.08420812060644516,0.9509809267405549,0.5115092428949567,0.31075316531697367,0.5121127627486869
2025-02-19,0.3555093427993952,0.8989745583725083,0.46554084235886245,0.29243120327381306,0.4663700208067222
2025-02-20,0.03240735884827552,0.8663666454381215,0.4556121621748214,0.3225620184547643,0.45737945312058587
2025-02-21,0.3864378702018257,0.8163290882427308,0.4103894098745604,0.28704088332751515,0.4121000831383997
2025-02-24,0.04093346770694907,0.7905356151602765,0.41343461081047367,0.3270451247408465,0.41372636985538264
2025-02-25,6.375576070936182e-05,0.7455594863130768,0.3740368315945685,0.29385870328943664,0.37445557717417743
2025-02-26,0.04533853627542079,0.7008297424799347,0.3349457544313555,0.2419167620220628,0.3353761980833558
2025-02-27,0.10679435984371065,0.6615002701076638,0.3051345515418609,0.22349083343100504,0.30567064405314837
2025-02-28,1.2809755598608463,0.6282179154918266,0.2856272405089106,0.22178976722913907,0.28641376524674433
2025-03-03,0.03674001312508365,0.6673833741539678,0.4025662110281776,0.3499057482549188,0.4068808231020091
2025-03-04,0.1844230724592031,0.6295447724922347,0.36491034664097494,0.3148592760692276,0.368669722049248
2025-03-05,0.19345472957001725,0.6028374704902528,0.34933104301177276,0.32090734846085633,0.3520988457428008
2025-03-06,0.45490878819610575,0.5782745060350387,0.336631225445399,0.32791214739448354,0.33848879030311096
2025-03-07,0.10658004502810496,0.5708725629647028,0.3562995267806499,0.37412299790986636,0.35647700885796646
2025-03-10,0.032724837958083466,0.543015011888507,0.3308349202869866,0.35192842349356107,0.33131462082841723
2025-03-11,0.03707259582766565,0.5123976014526815,0.3010051525793075,0.3149670554646127,0.30137167531036785
2025-03-12,0.4502249995491175,0.4838781011151806,0.27422134181288105,0.2824132002649065,0.2746724448505192
2025-03-13,0.6142977921622496,0.4818589150212168,0.29727857666821084,0.3255419544465428,0.29893666702089955
2025-03-14,0.08085733299218788,0.4898052476496788,0.3402620795100751,0.392125955010367,0.33972284982257445
2025-03-17,0.14345773001394532,0.46526837277022937,0.3151748410100231,0.3646720385930873,0.3144818792742647
2025-03-18,0.08986620263312751,0.4459597342048523,0.298627173177418,0.3520204905778967,0.2984286960303281
2025-03-19,0.7723582505677337,0.42459412231054877,0.2779778049545193,0.329022191925452,0.278067811905349
2025-03-20,1.2581025198906584,0.44545997000597987,0.3374444033514213,0.40665462081662446,0.3396940980434318
2025-03-21,0.3594440775147724,0.49421852299906066,0.451257754490408,0.5416584058942454,0.4491011875890779
2025-03-24,0.3017966403977847,0.4861320562700034,0.44343358610232286,0.5453950192120514,0.4425687163187572
2025-03-25,0.1178283836617235,0.4750719313176703,0.4299550173224801,0.5386614560484217,0.4300696010262263
2025-03-26,0.07415320391810293,0.4536373184583135,0.39721222600254685,0.493822789411586,0.3976823934071046
2025-03-27,0.0023155634338147242,0.43086827158590085,0.36337597357611273,0.4438333108145603,0.36403615569167613
2025-03-28,0.1683986299103957,0.40515510909677566,0.32568369460339824,0.36712075064608996,0.32632641814423846
2025-03-31,0.007242302378146682,0.3909497203455929,0.3127481176683726,0.3637325012630029,0.3128051668435091
2025-04-01,0.214813085703833,0.3679272752675461,0.28140727518697073,0.3078409236401828,0.28151516915243996
2025-04-02,0.2262797887839404,0.3587404238937233,0.27684186589628595,0.31552034250989436,0.2775406130961511
2025-04-03,0.0020621522701600578,0.3507927857871363,0.27410559705708404,0.3242307803675546,0.27535756623256447
2025-04-04,2.2884846136596376e-05,0.3298689477761177,0.24674265636373943,0.270551674477991,0.24788936319508506
2025-04-07,0.00011573589408764737,0.31007818400031883,0.22241612907143435,0.2235536987939585,0.22346340646506768
2025-04-08,0.49101532475717,0.29148043711394495,0.20095952756661792,0.18729746335676478,0.20191344626502458
2025-04-09,1.3393028314781463,0.30345253037253844,0.23716955180343932,0.23981478747415166,0.2393714810102932
2025-04-10,2.118609382442427,0.365603548438875,0.36642904256200426,0.3736551973436946,0.37215141752173336
2025-04-11,0.028311515992862874,0.4707838984790882,0.5774885013725687,0.5922701415999547,0.5755362222172977
2025-04-14,0.0742274190002561,0.4442355555299146,0.5734462491855592,0.5077854994767325,0.5713991924810775
2025-04-15,0.0022718991482766435,0.4220350673381351,0.5074002846665895,0.4600186668225833,0.5054513453722425
2025-04-16,0.03977767411403714,0.39684927724674357,0.43973275641539633,0.3835622507490197,0.4381319670333965
2025-04-17,0.012650675958468652,0.37542498105878114,0.38670565786354605,0.34075291626838367,0.3855013893652656
2025-04-22,0.014593568357476041,0.3536585227527624,0.3385317780757567,0.2962318608635315,0.3375052458235926
2025-04-23,0.06583375587116397,0.33331462548904517,0.2969475692867763,0.2576013034157725,0.29614107020031444
2025-04-24,0.005155102072238563,0.3172657733119723,0.2685603406525002,0.24266172812009676,0.26808916130800026
2025-04-25,0.161197029202787,0.2985391330375883,0.23652332721288255,0.21021790317703506,0.23612949760732369
2025-04-28,0.07015573692703643,0.2902986068075002,0.23325034434455705,0.22339520995019024,0.23231510877686334
2025-04-29,0.02774805260433002,0.27709003461467235,0.2148388147076131,0.21425874678839327,0.21426004878790003
2025-04-30,0.24603179072103884,0.2621295156940518,0.19434248368832216,0.19753145076241052,0.19376084045824232
2025-05-01,0.9965436486953907,0.261163652195671,0.2100658366268964,0.224619125447945,0.20863439559723768
2025-05-02,0.13145810989554108,0.3052864519856542,0.33553431048514626,0.33397589348047474,0.33047024569656996
2025-05-05,0.7798445201100149,0.29485675146024737,0.3107686452416181,0.32331700977064926,0.306883707471474
2025-05-06,0.05483762091673311,0.3239560175792334,0.38917189959112575,0.40886387718693307,0.38287363355646714
2025-05-07,0.004085783332639808,0.3078089137794834,0.3472470482172475,0.3709346667476294,0.3417130572654142
2025-05-08,0.13550634055780222,0.28958552595267273,0.3030261620028515,0.3109270544734505,0.2983495704827787
2025-05-09,0.07657277634638344,0.2803407748289805,0.28361822180266155,0.30417426005964965,0.28007123902265163
2025-05-12,0.0008071349722954565,0.26811469492002465,0.25870327008952015,0.28519241817304525,0.2559258374167959
2025-05-13,0.7699765795348853,0.25207624132316087,0.2271410199911974,0.2371057161750717,0.22479534313976204
2025-05-14,0.2885095927065362,0.2831502616158644,0.3104984650761039,0.31804626972014144,0.3110688841430488
2025-05-15,0.06176087068397684,0.2834718214813047,0.31552375213017975,0.3412339437449966,0.3149314794600732
2025-05-16,0.07874062954036201,0.270169164433465,0.28549638297808777,0.3162040536399898,0.28479031592891946
2025-05-19,0.0225940748782398,0.25868345233987877,0.2624896769838771,0.29961233748597643,0.261615611207645
2025-05-20,0.12852192625530043,0.24451808969218045,0.23417300281093065,0.2673317608793011,0.23336778285224008
2025-05-21,0.02319380247817631,0.23755831988596765,0.2262962955209263,0.2684212173211643,0.2251360623391733
2025-05-22,0.1144584768933829,0.22469644884150017,0.20339734224437542,0.2415078982922607,0.20233918768559447
2025-05-23,0.003235071228577612,0.21808217052461312,0.19791090491883526,0.24284782428598362,0.19658373381736813
2025-05-26,0.8027848892301511,0.20519134456685098,0.17555103923098767,0.20606242040267508,0.1744348467148668
2025-05-27,0.040112262456352965,0.241046957246649,0.27725742514582197,0.2961563185491527,0.27320792144100015
2025-05-28,0.047659468820022734,0.22899087555923123,0.24817164355040316,0.2679442154847939,0.244850188576641
2025-05-29,0.0018482210817246155,0.21811099115487873,0.22441304457991582,0.2465209093075428,0.22173068715390593
2025-05-30,0.0018466329705868721,0.20513522495048947,0.19799808843722824,0.20748180885079479,0.19572827066236606
2025-06-02,0.031624338526251516,0.1929379094316953,0.1754677536773802,0.17564919301675472,0.1735451318797563
2025-06-03,0.0422119092312675,0.18325909517736866,0.1601788124674109,0.16320336091335957,0.15862784665674629
2025-06-04,0.07244449622031603,0.17479626402060258,0.14997852813827753,0.15793936402433098,0.1485020340574179
2025-06-05,0.06287001923065946,0.16865515795258537,0.14413586890585522,0.15752355529033912,0.14308765710549845
2025-06-06,0.07684702471167983,0.1623080496292698,0.1394847191093555,0.15784358422282485,0.13835462423332293
2025-06-09,0.14789661230903767,0.1571803881342144,0.13766179516262503,0.1610454848304632,0.13640707199516086
2025-06-10,0.03435339507819645,0.1566233615847038,0.14434075845803063,0.17327150342122216,0.1437239149986028
2025-06-11,0.03633342296285971,0.14928716359431335,0.13524669498663677,0.16451444176417593,0.13459451219865748
2025-06-12,8.608906603996077,0.14250993915642612,0.12779890514676057,0.15749367680958956,0.12710732312654482
2025-06-13,5.856842869489182,0.6504937390468056,1.3913808702682298,1.0092693599281095,1.357363650553474
2025-06-16,0.529918382593488,0.9628746868733485,2.046467026836536,1.5444639259292783,2.037886792904833
2025-06-17,9.01428555805119,0.9368973086165568,1.8274556299772529,1.4271339111416617,1.8222152078492735
2025-06-18,8.736138209101552,1.4215406035826352,2.9009194208962805,2.257635735726924,2.8617516047643687
2025-06-19,18.024637324908305,1.8604164599137705,3.7556599521224308,3.006969883598416,3.753016627973396
2025-06-20,24.499170712883156,2.8302697118134432,5.874842032115748,4.583657264918509,5.803219989298309
2025-06-23,0.06242011124296836,4.130403771877627,8.603775781974363,6.590469752484775,8.62923114834647
2025-06-24,0.13833959320984643,3.886324752239547,7.353240993556699,5.151877391457899,7.376655314989723
2025-06-25,0.2399989500051646,3.6614456426977653,6.299866501739052,4.138127226722869,6.3206089107419245
2025-06-26,0.0,3.456158841136209,5.416755313378905,3.4138309367306845,5.4346356286675555
2025-06-27,0.17088091427637325,3.248789310668036,4.626585390266341,2.6492093061578466,4.642791020163061
2025-06-30,0.0014601355217036815,3.064114806884536,3.9791390077452853,2.2186423674202036,3.993115980814247
2025-07-01,3.796555209612823e-05,2.880355526602766,3.400483174394529,1.74610392470615,3.4130995383731033
2025-07-02,0.0015545499561736874,2.7075364729397258,2.906827192353387,1.3768728497240281,2.9181797041157513
2025-07-03,7.439715765748242e-05,2.5451775575607125,2.48588385988314,1.0983070761753935,2.496068772982767
2025-07-04,0.037240596456925595,2.392471367936529,2.126790969273852,0.8797040948612966,2.1359050007328864
2025-07-07,0.025196123373937552,2.2511575216477526,1.8265922047322174,0.7482163389124824,1.834586498768727
2025-07-08,0.7519794114474662,2.117599837751323,1.5686570613244033,0.6352257000777847,1.575688479253128
2025-07-09,0.1263352048373539,2.0356626121730916,1.452108235106476,0.6867126428053784,1.460857751449131
2025-07-10,0.025606313630064027,1.9211029677329472,1.2647804563802203,0.6250495886577738,1.271998685364428
2025-07-11,0.025491849852748237,1.807373168486774,1.0895344412625005,0.5359776312360884,1.0958013086252365
2025-07-14,0.006329106605434771,1.7004602893687322,0.18765141267343963,0.2222359595714867,0.1867394104837142
2025-07-15,0.0443540800495634,1.5988124184029342,0.14888005986680655,0.17343402220747597,0.1482923667727947
2025-07-16,0.0006364485761868316,1.505544918101732,0.14346339517923656,0.16215246935934188,0.14253007627918812
2025-07-17,0.013796351992507725,1.415250409930199,0.12399433671366254,0.1260788544682749,0.12341388127521792
2025-07-18,0.12879928914205238,1.3311631664539376,0.11791776297929285,0.11117441865931883,0.11743232419620134
2025-07-21,0.0028400959866619986,1.2590213338152245,0.16217752180052092,0.1413725001197439,0.15994193289572897
2025-07-22,0.0027109292890692685,1.1836504595455108,0.13517847151895004,0.1156946673612936,0.13392744878960694
2025-07-23,0.2672542454456358,1.1127940877301243,0.11970946739671379,0.09434078242281566,0.11898166260749267
2025-07-24,0.016372209621139375,1.062061697193055,0.23213311162811545,0.1709231705327114,0.236361699779844
2025-07-25,0.06306627565342399,0.9993203279387399,0.1763827671802095,0.1456685462797828,0.1783963453560723
2025-07-28,0.07934944038809223,0.943145084801621,0.1657895094254409,0.14849979855432985,0.16594072359677944
2025-07-29,0.07822326916869192,0.8913173461368091,0.1669219844710342,0.1565240300961365,0.16582615439288684
2025-07-30,0.035573184681036145,0.842531701518722,0.16705499416973493,0.16242270362337524,0.1653147807161515
2025-07-31,0.12902976890997758,0.7941141905084609,0.1533557209886744,0.1541316289579446,0.15289949502804864
2025-08-01,0.11664627797640956,0.7542091252125518,0.18110215108805833,0.1768719935897116,0.1788711558837427
2025-08-04,0.0,0.7159553543783833,0.19064557713481664,0.19114629268055033,0.18767189361684455
2025-08-05,0.5428703582074434,0.6729980331156803,0.1485294849169407,0.14201386122431714,0.1468588115667758
2025-08-06,0.008965600176263477,0.6651903726211861,0.369353288511771,0.2834620148683844,0.37809738067556076
2025-08-07,0.06847381899719594,0.6258168862744907,0.24640766425759808,0.21790473690516685,0.250883717025024
2025-08-08,0.045223576192297055,0.592376302237853,0.2105422221271016,0.21082888690588478,0.21394367072880177
2025-08-11,0.09820322577457843,0.5595471386751196,0.18089436200427697,0.19500822173158283,0.18332641581058853
2025-08-12,0.09066316579890431,0.5318665039010871,0.18916925272498816,0.20504124358719564,0.19202362094986639
2025-08-13,0.09365163528523662,0.5053943036149562,0.18405916904604924,0.2041397112258886,0.18421107886631086
2025-08-14,0.7402921891462491,0.48068974351517296,0.18879974528106533,0.21040019521073047,0.19036175624111262
2025-08-15,0.13821343418389603,0.4962658902530375,0.4777271480558598,0.38995797945367583,0.49179702784378015
2025-08-18,0.027837901795711592,0.474782742888889,0.3572975229874195,0.35670590515632267,0.36256323576787075
2025-08-19,0.0033668537776727326,0.4479660524232983,0.24746545804493295,0.2825781415914667,0.2498454706988758
2025-08-20,0.18472328413470931,0.4212901005045607,0.17959072075577828,0.21026264394052924,0.18076486177079973
2025-08-21,0.005084132023348834,0.40709609152236964,0.21850797277768805,0.23796151702908355,0.21620156498061616
2025-08-22,0.21792871340238834,0.38297537395242837,0.1662633175332538,0.186319471825126,0.16499483911986815
2025-08-25,0.4790328360352995,0.373072574319426,0.22547019793674292,0.22808395269924214,0.2213042074997752
2025-08-26,0.06061415573371667,0.3794301900223784,0.3820582382439276,0.34028285050984153,0.38829487815751595
2025-08-27,0.03910597422372046,0.3603012279650587,0.27404791298609615,0.28968861218131525,0.2764395360133691
2025-08-28,0.008237305750436054,0.3410295127405784,0.2078152300364023,0.24338449321610048,0.2085188767908327
2025-08-29,0.03443124728915338,0.32106198032116984,0.16030782541366742,0.18994405175061718,0.16055411418402143
2025-09-01,0.1560853647028159,0.30386413633924886,0.14548017106295985,0.1697065842331884,0.14513717927696662
2025-09-02,0.0005366388673514209,0.2949974100410629,0.18830230239059376,0.19738783399966559,0.18568045975244415
2025-09-03,0.05552156311195564,0.2773297637706402,0.1477525064733632,0.1500317146803248,0.14626566631405383
2025-09-04,0.013475196470418494,0.2640212717311191,0.14745968379746374,0.14901521299489237,0.14587626101204615
2025-09-05,0.00438686024201325,0.24898850721547705,0.1302591436092741,0.12783908090576718,0.1292404189656662
2025-09-08,0.13393359868347954,0.2343124083970692,0.11902347456619432,0.10785379866505877,0.11844644819738806
2025-09-09,0.10856579175821322,0.22828967981425383,0.1723463077617518,0.14593471380897727,0.17425193744519268
2025-09-10,0.00053397332137668,0.2211062465308914,0.18260709803612538,0.16402397746639844,0.18196542479906375
2025-09-11,0.0043938521508682235,0.2078719101383205,0.1442562177701506,0.1243052526213876,0.1438432558197668
2025-09-12,0.023911205614483295,0.19566322665907335,0.12646354037967597,0.1052806941292584,0.1262055288319484
2025-09-15,0.005897120155940021,0.18535810539639794,0.12638141891401097,0.10432149607061934,0.12652240143443927
2025-09-16,0.04936693873313436,0.17459044628197046,0.11772616908735045,0.09199052093886759,0.11778788408241718
2025-09-17,0.04182062881589363,0.1670770358290403,0.13347797746965753,0.10466052081670563,0.13422675923451763
2025-09-18,0.015609106123922366,0.1595616514082515,0.134242254602966,0.10813794522117635,0.13406042193339668
2025-09-19,0.8325972376233951,0.15092449869119173,0.12407365863073269,0.09879338574335587,0.12377450315979133
2025-09-22,0.16725149742477635,0.19182486302712395,0.4654383577442975,0.3035258817624078,0.4510083263588217
2025-09-23,0.10965111563568314,0.1903504610909831,0.36300037082786984,0.30390934503795014,0.35264503799553726
2025-09-24,0.09430452079660605,0.18550850036366512,0.29107129948549404,0.2912187918483035,0.28730156148215374
2025-09-25,0.13887294070429146,0.18003626158964156,0.2397190617284669,0.2693079381338628,0.23627328091586866
2025-09-26,0.14639280131260643,0.17756646233652054,0.23112377924029606,0.26911098111894455,0.22712369337380003
2025-09-29,0.04649860938155601,0.17569604267508568,0.22972150739696823,0.27144206721245834,0.22530295215859067
2025-09-30,0.3245576352194487,0.1679441966774739,0.19166795234326953,0.23964675535628063,0.18996513912239796
2025-10-01,0.10904627097126024,0.1773410029899924,0.2957811596228294,0.3093375791698389,0.3005175666456675
2025-10-02,0.0544970848293679,0.17324331906886847,0.24838795235955696,0.2880591289933872,0.24921707849923874
2025-10-03,0.06567549577331266,0.16611854501449844,0.20523899937162698,0.2556252180990104,0.20645850837758584
2025-10-06,0.06883717780745628,0.1600919620600273,0.18739986141761908,0.23749953256634826,0.18903088990391897
2025-10-07,0.0539382529068111,0.15461667500487303,0.17935682373888795,0.22556543594856046,0.18126549593274596
2025-10-08,0.003278406814496766,0.1485759696789893,0.1635975305775655,0.204902036849869,0.16383583215259337
2025-10-09,0.03499451659260938,0.13985811590711977,0.134749385739709,0.16030761102294333,0.1348307912625207
2025-10-10,0.01715570068308503,0.13356629994824912,0.13485606263930297,0.15207613435694048,0.13521145676945
2025-10-13,0.014977710532387254,0.12658166399233925,0.12411990820708345,0.13230842683739302,0.12418399597263656
2025-10-14,0.09102033021967579,0.11988542678474214,0.11747152603146976,0.11636111522106707,0.11739797653075454
2025-10-15,0.052336251977998655,0.11815352099083816,0.15001501666452466,0.13872247528848,0.15091554958451547
2025-10-16,0.004322067224638396,0.11420448485006779,0.14597125784026574,0.13852035985174418,0.14600491943843277
2025-10-17,0.0062510498565489575,0.10761153979254202,0.12689489477405733,0.1158019608249496,0.12689825965016804
2025-10-20,0.0006125719800700233,0.10152991039638243,0.11747613805823742,0.10102747986114981,0.11748655130404177
2025-10-21,0.02101922668075574,0.09547487009140368,0.10891294572023857,0.08028916422047128,0.10889268645704457
2025-10-22,0.11791328364246177,0.0910075314867648,0.11455532004626758,0.08276848582739878,0.11471080576617237
2025-10-23,0.00019215523587011576,0.09262187661610662,0.15280530787757488,0.112780582182886,0.1517829186298065
2025-10-24,0.000284437903655392,0.08707609333329241,0.12833858853707097,0.08999006376733144,0.12773468570884078
2025-10-27,0.000580929674377193,0.08186859400751419,0.11511751046979696,0.07380273647558269,0.11474738236533233
2025-10-28,7.20521453878943,0.07699133414752596,0.10762532177324317,0.06033561190680214,0.10739885219707727
2025-10-29,6.086047461107102,0.5046847264260406,3.132608240770614,9.426539514127281,3.216679325366866
2025-10-30,1.775812839864889e-06,0.8395664905069045,4.25531459058771,7.361384199771723,4.231584908054339
2025-10-31,6.3457967656854635,0.7891926076252606,2.35674311800453,4.033980508656823,2.342735191374708
2025-11-03,8.578012094340476,1.1225888571088731,3.9947622011754755,4.241509561575531,4.060663255092734
2025-11-04,0.004293535294581536,1.5699142513427695,5.756572546423631,4.726299819542001,5.694199714878079
2025-11-05,0.15715272773802513,1.4759770083798782,3.173393691919406,2.7138651585473714,3.1380134444725147
2025-11-06,0.0518512208455,1.396847551541367,1.8302669903338946,1.7992198178196732,1.8087372634109047
2025-11-07,0.022639211471257994,1.3161477716996148,1.063378016207341,1.2031726560466915,1.0517398850934525
2025-11-10,0.06076026872781133,1.2385372580859133,0.6306070801896363,0.8110587634766596,0.6238686610936257
2025-11-11,0.049255468144542465,1.167870638724427,0.4155845010021522,0.6097011965721708,0.4123918481974665
2025-11-12,0.0008618292479497314,1.1007537284896338,0.28902837560876443,0.4648458139475597,0.28679956878663526
2025-11-13,0.04163368422747092,1.0347602145351327,0.20216193923200496,0.3232581272611206,0.20088196624547397
2025-11-14,0.003575359432254248,0.9751726227166729,0.1701040230050848,0.26828003209712437,0.16904255864323622
2025-11-17,0.05595007374673886,0.9168767869196077,0.13963086042614203,0.20552887460746955,0.13902635853121045
2025-11-18,0.12637704371937092,0.8652211841292355,0.14675829956596184,0.19581977967987194,0.14697152959309986
2025-11-19,0.004480884715533619,0.8208905357046435,0.17369586710987706,0.20817791402151942,0.17260871813859627
2025-11-20,0.06022278657130685,0.7719059566452969,0.14203479881651665,0.1655114519889853,0.14142380034335122
2025-11-21,0.07029592966743839,0.7292049664408575,0.14993740296377292,0.16712118125482328,0.15019407914599986
2025-11-24,0.3040362962833592,0.6896704242344524,0.15302374292567983,0.16721292373952004,0.15253123963609783
2025-11-25,0.0012998447212714099,0.6665323765573867,0.26068161159369635,0.2411447041063613,0.26378060776154216
2025-11-26,0.004776702805384037,0.6266184246472198,0.18687442347680483,0.1790233308015797,0.18849559187118398
2025-11-27,0.01279014948704491,0.5893079213367096,0.1493401088317047,0.14538219255539356,0.15019899702304276
2025-11-28,0.004227179013341798,0.5547168550257296,0.13275254467804545,0.1281849729871958,0.13328785890650696
2025-12-01,0.03501682913295886,0.5216874744649864,0.11966677487244597,0.10815885213849806,0.1199451092713526
2025-12-02,0.024466977189926974,0.49248723574506476,0.12271275854566795,0.10772566439629128,0.12258102971461314
2025-12-03,2.93867403432086e-05,0.4644060202317565,0.12360878104934266,0.10634421973475797,0.12373715120045493
2025-12-04,0.009172705296416938,0.43654342222227166,0.1122060793607349,0.0829659803595396,0.1122389671227678
2025-12-05,0.13200759831171963,0.4109011792067203,0.11089013465486401,0.07825412849474346,0.11094955655900694
2025-12-08,0.02943858593467154,0.39416756435302025,0.15647285788246207,0.11249918350830182,0.15525309939566226
2025-12-09,0.00032330775299902354,0.3722838256479193,0.14054872702863552,0.10874318317392515,0.1396449917259287
2025-12-10,0.02071777151017362,0.34996619457422407,0.12139804232034263,0.08501010059022392,0.12087274538268074
2025-12-11,0.019081005253183337,0.33021128919038106,0.12120113442038642,0.08643382381988142,0.1210758942844742
2025-12-12,0.0036098122291441876,0.3115434721541492,0.12035113420349931,0.08675285296532083,0.12042570634396058
2025-12-15,0.02423887058092183,0.29306745255864886,0.11134914901464035,0.07398626182311442,0.11135935172347829
2025-12-16,0.018624292610786273,0.2769377376399852,0.11733289228187828,0.07911012548225717,0.11753885303935933
2025-12-17,5.2075357996765166e-05,0.2614389309382332,0.11515413534089831,0.07752691207560874,0.11512946933155975
2025-12-18,0.005546264457995455,0.24575571960341902,0.10775633861377648,0.0635160777534516,0.10770454828671656
2025-12-19,0.02861184523859714,0.2313431522946936,0.10516133559599053,0.0578549898664091,0.10509644292278343
2025-12-22,0.0016127235453319226,0.21917927387132782,0.11235566056319904,0.06426215435288475,0.1120999268107387
2025-12-23,0.21714046648481006,0.20612528085176807,0.10723457732894011,0.0570719880364742,0.10706587702178154
2025-12-24,0.01633190692988646,0.2067861919897506,0.18885480336661786,0.11404287057725786,0.18661350156073692
2025-12-26,0.011684697521387564,0.1953589348861587,0.15584902220501673,0.10685868485339889,0.15472772228725895
2025-12-29,0.005134324604518809,0.18433848064427244,0.13348781078824723,0.09523875466283502,0.1327879391122757
2025-12-30,0.029750226390429117,0.17358623128188722,0.12051421118517845,0.08455079594204186,0.120130250514534
2025-12-31,0.1327931484194164,0.16495607098839973,0.12113477472458946,0.08674649523696738,0.12069147799033025
2026-01-02,0.06035781980895469,0.16302629563426074,0.17006500704378935,0.125755643186987,0.1712369489644617
2026-01-05,0.008091421912234857,0.15686618708474237,0.165223660165827,0.13581590817909567,0.16644257833387407
2026-01-06,0.07000540194037815,0.1479397011743919,0.13727601386571447,0.11414530197439197,0.13787009477699777
2026-01-07,0.007822375950350024,0.14326364322035107,0.14603038929143078,0.12522056922450472,0.1457273049688021
2026-01-08,0.004314052526394811,0.135137167184151,0.12726002407276862,0.11189927308076512,0.1268277657405912
2026-01-09,0.0986413079003338,0.12728778030468563,0.1151135666847919,0.09296815563039838,0.11482686597090574
2026-01-12,0.01559491510440672,0.1255689919604245,0.14891994853986817,0.12078221092884364,0.14710109635233337
2026-01-13,0.03769514686002855,0.11897054734906343,0.13069706205927228,0.10840129669387072,0.12955156830598014
2026-01-14,0.012184360484057199,0.11409402331972134,0.13058396202200806,0.11065445849766788,0.12942572444848385
2026-01-15,0.0006514241260445238,0.10797944354958149,0.1224441518811863,0.10201482503532044,0.12196431475871923
2026-01-16,0.04018237457021846,0.10153976238416927,0.11143612415011425,0.08048208075690848,0.11113935402879067
2026-01-19,0.00018583245357491467,0.09785831911533223,0.12174080375769437,0.08963139605679421,0.1209763088708987
2026-01-20,0.1362076213416732,0.09199796991562678,0.1113162991668816,0.07287163500887568,0.1108479886857592
2026-01-21,0.015496463851220431,0.09465054900118956,0.16342724740507442,0.11514418053451836,0.16080584174105228
2026-01-22,0.13893601427496466,0.0899013038921914,0.13811505679137076,0.10419500150156398,0.13655830120682416
2026-01-23,0.20861479229937643,0.0928433865151578,0.18704097635482575,0.1480719768591663,0.18883419718012143
2026-01-26,0.08862997643656749,0.09978967086221092,0.24487831282939906,0.20611668811248637,0.24979199183718165
2026-01-27,0.04618192239436386,0.09912008919667231,0.21816425069186907,0.2104430108516789,0.22228172187749914
2026-01-28,0.12602671042956506,0.0959437991885338,0.18415274616756058,0.19457015063305844,0.1870282235558991
2026-01-29,0.08297572252085607,0.09774877386299567,0.2046284112739608,0.21590200403883816,0.20844194303989816
2026-01-30,0.1097813525724565,0.09686239078246729,0.1881116291550974,0.2101441113373259,0.1886907102829529
2026-02-02,0.014084538250092407,0.09763752848986665,0.1913182775166414,0.21623332034635034,0.18973500085588507
2026-02-03,0.0,0.0926243490754802,0.15462865715468857,0.17850792465213425,0.15396423166334006
2026-02-04,1.2801361611317059e-05,0.08706688813095138,0.12798148068669002,0.1317342722672788,0.12756869648487348
2026-02-05,0.05970491916332957,0.08184364292479097,0.1142464952373851,0.09987501278804725,0.11396576896585237
2026-02-06,0.22512194334546276,0.08051531949910329,0.13156190309914542,0.1129111308006502,0.13046117391106152
2026-02-09,0.04660255196838047,0.08919171692988487,0.2130796334864637,0.1755555701474538,0.20841529253821603
2026-02-10,0.0797533113109831,0.0866363670321946,0.18174148017768998,0.1694856044687949,0.18011050600551373
2026-02-11,0.011497380717468789,0.08622338368892192,0.1814883982549847,0.17942117962566076,0.18206652021586847
2026-02-12,0.00897271331771699,0.08173982351063473,0.14826498044687111,0.1508807542486687,0.148664924174108
2026-02-13,0.00807677426750007,0.07737379689905967,0.12769593004737897,0.12501292455519528,0.12778390468248807
2026-02-16,0.010338249490988584,0.07321597554116609,0.11676983549331722,0.10593865023097361,0.11670896305585023
2026-02-17,0.013446394992714607,0.06944331197815543,0.11204513039020868,0.09391317862629814,0.11187852736128566
2026-02-18,0.03941676774643635,0.06608349695902897,0.11355226927370188,0.09026721827067616,0.11360527805496509
2026-02-19,0.19905653128928733,0.06448349320627342,0.12250251818119014,0.09717859310665174,0.12193101862024398
2026-02-20,0.027645438622693145,0.07255787549125425,0.19688772482195466,0.15468129177369858,0.19300314259426946
2026-02-23,0.06744307108107842,0.0698631292791406,0.1642149542438916,0.14425953362385605,0.16262067540869418
2026-02-24,0.054012517840381954,0.06971792578725686,0.16661242591630068,0.15515659254684241,0.16696723431213253
2026-02-25,0.0055291220952076855,0.06877560131044436,0.16141644338849356,0.15774853116036938,0.16251036303781705
2026-02-26,0.15936612147722018,0.06498081255753016,0.13312589242817444,0.12641915825275796,0.13361138386938173
2026-02-27,2.285752812631788e-05,0.07064393109271157,0.194080522578565,0.17309718549593475,0.19733269545041515
2026-03-02,0.07522228130804849,0.06640666667883645,0.14832954510073307,0.12892050518118142,0.14992745135370944
2026-03-03,0.16326849382247083,0.06693560355658917,0.15579941388371935,0.14172992647840474,0.15538253945181807
2026-03-04,0.04323462576522917,0.07271557697254208,0.198206090385747,0.18122278648592233,0.1950925478279182
2026-03-05,0.03844336424179891,0.0709467199001033,0.16765188496372793,0.1675086281098885,0.16538558623147254
2026-03-06,0.08110978554114782,0.06899651856060504,0.15444422990403114,0.1595009909115916,0.15388876255855796
2026-03-09,0.003925194686303247,0.0697233145794376,0.16150040170578803,0.16751839468848542,0.15986829667700797
2026-03-10,0.0497327457787003,0.06577542738584953,0.13257473678294174,0.13117621975150354,0.1316743411902203
2026-03-11,0.04062369769231496,0.06481286648942057,0.14186098345769874,0.13757985018419575,0.1422265965269351
2026-03-12,0.03598926957434271,0.06336151636159423,0.14224089849144037,0.1382875547533276,0.14308076119412813
2026-03-13,0.0201769179421554,0.06171918155435914,0.1357938030832055,0.13251512685452166,0.1356852500902676
2026-03-16,0.06785057069419019,0.05922664573762691,0.12583529377773028,0.11982615797646574,0.12549914404762635
2026-03-17,3.479584523495841e-05,0.05974408123502071,0.14103990053978532,0.13183631075725671,0.1397634161389968
2026-03-18,0.01151421714736354,0.05616152411163356,0.12094296944895772,0.0996139588090729,0.12021996084041216
2026-03-19,0.1713552415710966,0.05348268569377736,0.11466053676742931,0.09007231428938885,0.11413744460060377
2026-03-20,0.5489631455027283,0.060555039046416514,0.18062230701160578,0.14053398331155328,0.17729880762319944
2026-03-23,0.06565744482147673,0.08985952543379525,0.39976528021331537,0.29609913551076467,0.4089571711036279
2026-03-24,0.31025203223483905,0.08840740059705614,0.28091882718277017,0.25911071932177054,0.284577777546619
2026-03-25,0.16226145943245227,0.10171807849532312,0.3405583222975232,0.32418669955428403,0.34848402307969967
2026-03-26,0.08087492210406638,0.10535068135155087,0.3020813834994418,0.3243373726953157,0.30921456477188175
2026-03-27,1.0852357141906503,0.1038821357967018,0.2438887176827339,0.2913098403005891,0.24899340149344446
2026-03-30,0.03794236819588992,0.16276335050033874,0.6556965811720724,0.542240612680285,0.6368934243488162
2026-03-31,0.010517761059167286,0.1552740915620718,0.4005922194394124,0.4028765491198911,0.390347038950534
2026-04-01,0.052903923756187875,0.14658871173189753,0.25803019440142605,0.29194120896447534,0.2526227749520393
2026-04-02,0.005278842281311024,0.14096762445335492,0.20788216372582743,0.25516088554440136,0.20599127905882325
2026-04-03,0.04243797075392048,0.1328262975230323,0.15860343056095175,0.1954313233976572,0.15762540457665206
2026-04-06,0.029191297408383457,0.12740299791688559,0.14695182994952588,0.1773193076579746,0.14579760947896345
2026-04-07,0.025785061650620982,0.12151029588637545,0.13158165881869924,0.1549400167539049,0.13044819592701012
2026-04-08,0.005053062875905013,0.11576678183223019,0.12380206556795027,0.13867731321121263,0.12282017838868907
2026-04-09,0.016564026183928996,0.10912395869485067,0.11162189022942841,0.11225718444097925,0.11104758574318928
2026-04-10,0.09866525259498161,0.10357036274419537,0.11285173504245137,0.10595513441089116,0.11279321332045869
2026-04-13,0.019765358768969947,0.10327605613524254,0.14448098794527742,0.13013929605929167,0.14262524711735658
2026-04-14,0.0004951241420693144,0.09826541429326618,0.128134990301481,0.117199771022201,0.1268796319741339
2026-04-15,0.08477591601616319,0.09239919688419436,0.11303096154724745,0.09357182660035912,0.11231081035080714
2026-04-16,0.009955773121748782,0.09194180003211248,0.13868439345361064,0.1154038103797483,0.1367672527485204
2026-04-17,0.018174564238055566,0.08702263841749065,0.12124387291469822,0.10003171551586817,0.12011446141347179
2026-04-20,0.0034086837960395854,0.08289175396672455,0.11868716786232615,0.09765006807521456,0.11837034495309434
2026-04-21,0.0028844851030644025,0.07812276975648344,0.10836843265563524,0.08134478604306872,0.10815898464473106
2026-04-22,0.0029472727175069084,0.0736084726772783,0.10412664605472313,0.07189533382341923,0.10399157342806771
2026-04-23,0.1496197639909166,0.069368800679692,0.10058319164430295,0.06197914813175202,0.10047341794728469
2026-04-24,0.5626627660743786,0.07418385847836549,0.15980448886638282,0.10750551374667096,0.1568554377469376
2026-04-27,0.23051196188420583,0.1034925929341263,0.36999947007311834,0.25826064977678104,0.3565063753739066
2026-04-28,0.030312500560993633,0.11111375507113107,0.3478035964269174,0.29760575915102866,0.34564299775799107
2026-04-29,0.026408619482368247,0.10626567980052282,0.2433156515061551,0.24564122228081894,0.24269889585403595
2026-04-30,0.27218411093672623,0.10147425618143353,0.18261501904959032,0.20255624392356952,0.18188596671046783
2026-05-01,0.01793579845580414,0.1117168474667511,0.2556211940480054,0.2592842554383643,0.2497046431643623
2026-05-04,0.016915525896252274,0.10608998452609428,0.18899698081108376,0.2109170776455434,0.1861584857426643
2026-05-05,0.11101401751128659,0.10073951700830375,0.1535772650807394,0.17706234939055288,0.1523347839825231
2026-05-06,0.063023851625819,0.10135598703848271,0.17107891945345027,0.1903339562064032,0.16834424669167103
2026-05-07,0.2869268236811881,0.09905605891372288,0.15993434122384634,0.18211709589330854,0.15739743960485683
2026-05-08,0.00013371300264369414,0.11032830479977081,0.26349131919059327,0.25488209362769043,0.26834207064776355
2026-05-11,0.1326279669312542,0.10371662929194318,0.18367698801772922,0.1837509802678561,0.18614666891684
2026-05-12,0.1000810222596226,0.10545130955030184,0.19607961259788398,0.20273394671302636,0.19483604207225746
2026-05-13,0.605270701598309,0.10512909231286108,0.1887022805504433,0.20576309746837512,0.18619126394085195
2026-05-14,0.07818104200413023,0.13513758886998797,0.40374572531640457,0.34886393545254474,0.3895295493849537
2026-05-15,0.03052086479375223,0.1317201960580365,0.29524062610573343,0.3065313880643299,0.2893346507751332
2026-05-18,0.09955462801218178,0.12564823618217943,0.21150546826693203,0.24619306974737803,0.2079266537793052
2026-05-19,0.42484378780013604,0.12408261969197958,0.19656326110330663,0.23735711226233688,0.19283843463972036
2026-05-20,0.18355670187890463,0.14212828977846897,0.3291997729419733,0.3279914290476581,0.3183592203998573
2026-05-21,0.4480794878626794,0.14461399450449514,0.2941954158096529,0.3261636780590135,0.28488639687147876
2026-05-22,0.03613599648943978,0.1628219241059862,0.40719649558551674,0.41214673830993565,0.41209658536593785
2026-05-25,0.0,0.1552207684489934,0.2724865410631648,0.31901784959045737,0.27445930685085146
2026-05-26,0.15592893737901345,0.14590752234205379,0.1881875517226544,0.2221669935518481,0.1891523906883916
2026-05-27,0.12346071469901361,0.14650880724427134,0.20842300904960745,0.23953708792377118,0.20589802751369385
2026-05-28,0.3452155911281048,0.1451259216915559,0.21390520799308815,0.24776557870980548,0.2151304070308677
2026-05-29,0.04080303033528018,0.15713130185774882,0.30367773180223895,0.31482341953284476,0.2971856311219035
2026-06-01,0.01664279185902025,0.15015160556640067,0.22015937659296952,0.2580028371242102,0.21608000049760476
2026-06-02,0.0694036282087367,0.14214107674395782,0.1697750261458358,0.20901597280989803,0.16787479008921333
2026-06-03,0.0011284724684771962,0.13777682983184456,0.1619334429914912,0.19840142175970005,0.15970614365455982
2026-06-04,0.6647847822753372,0.1295779283900425,0.13116797316942388,0.1507493092434304,0.12994413620432516
2026-06-05,0.07336221067231787,0.1616903396231602,0.3995934177724093,0.31954228717889605,0.38472421987497696
2026-06-08,0.16688024635911877,0.15639065188610968,0.2908120343184877,0.2841178200126897,0.2844591163281218
2026-06-09,0.7933385380319926,0.15702002755449024,0.2669086514806713,0.28892458867119764,0.26030978878863115
2026-06-10,0.77370128400425,0.1951991381831404,0.5269660609940254,0.46126298940674093,0.5063874071220054
2026-06-11,0.7463301176333812,0.22990926693240704,0.676629729297209,0.5992207727316862,0.6829328357879106
2026-06-12,0.06349143823405574,0.2608945179744655,0.7426996131766265,0.6919981630896032,0.7624640828795627
2026-06-15,0.6970620989437109,0.2490503331900409,0.45971682493377464,0.5123873770298127,0.4689266011735601
2026-06-16,0.0996032976822858,0.2759310391352611,0.6067426204064662,0.6167445736597789,0.6269337147535791
2026-06-17,0.006239957641129754,0.2653513746480826,0.4116076537109346,0.4933036242583769,0.4241886756065581
2026-06-18,0.8171568833688727,0.24980468962766544,0.26288978023869874,0.34211994897246506,0.26939183006428985
2026-06-19,0.29311072223896045,0.2838458212521379,0.5352868210325123,0.5082049773008789,0.5210381281703551
2026-06-22,0.0012942032228581148,0.2844017153113473,0.46303522387435403,0.49742863429695133,0.46186394552009225
2026-06-23,0.17234774676224593,0.26741526458603787,0.28907872273967256,0.33991663687381835,0.2883925081810973
2026-06-24,0.09112049095949074,0.26171121351661036,0.2683489143969642,0.3308111724172127,0.2646031532808062
2026-06-25,0.1698989158023994,0.2514757701631832,0.22277451850173963,0.2934592918758815,0.2191325313747228
2026-06-26,0.0007722483544272381,0.24658115890153615,0.2325467951619356,0.296717212771789,0.22730832428233272
2026-06-29,0.8485191014156678,0.2318326242687096,0.16725166034507147,0.20895651050540995,0.16446372475332838
2026-06-30,0.2823811360388907,0.2688338128975271,0.521896022582144,0.4248922432978052,0.5392304278820363
2026-07-01,0.003110566162959866,0.2696466522860089,0.4378522515777522,0.4269546001016963,0.441159009289298
2026-07-02,0.12295750028610963,0.253654487118626,0.27554272473526525,0.2959596449641701,0.2772153077882636
2026-07-03,1.3787850432491449,0.24581266790867498,0.23902384140961072,0.27874628332327805,0.23839309941946626
2026-07-06,1.3787850432491626,0.31379101042910323,0.7769489413130146,0.6009855539164602,0.7910723049166628
2026-07-07,0.07093768598437172,0.3776906523983069,1.0343595393287088,0.8367576721331413,1.027759483348559
2026-07-08,0.13835747232587559,0.35928547441347075,0.6277263274700303,0.6049991632840156,0.6234258136037416
2026-07-09,0.6541235673413668,0.346029794288215,0.4459457934237443,0.5030479402819702,0.4449137039748412
2026-07-10,0.0,0.36451542067140413,0.5514077582454808,0.5878794369048217,0.5443167699785325
2026-07-13,0.1099476931485643,0.34264449543111986,0.34044449621551887,0.38585678695872866,0.3365199394614558
2026-07-14,0.06467479083243188,0.3286826872941665,0.2781492463095212,0.34525335464817286,0.27708165800249407
2026-07-15,0.06434708925365226,0.3128422135064624,0.21695316415544266,0.290755570523456,0.21584634009080805
2026-07-16,0.23711290712605185,0.2979325060512938,0.18378333243588854,0.2534579753176082,0.1826704846248392
2026-07-17,0.2161004051330604,0.2942833301157793,0.25004486048029284,0.2941471997858141,0.2518531837576755
2026-07-20,0.08064035904550178,0.28959235461681615,0.2765373431200843,0.31814722554954755,0.2796889605587166
2026-07-21,0.0002798728900362419,0.2770552348825373,0.23046504041680013,0.28595846728375685,0.23292561564758285
2026-07-22,0.012454766842649657,0.26044871316298723,0.1675262054136789,0.20515174607634565,0.16881963968282512
2026-07-23,0.0011218049942069235,0.24556907638376696,0.14007768407870058,0.16964305922272635,0.14086399053641394
2026-07-24,0.08079324045980563,0.23090224010039334,0.11838075940426136,0.1270828583531051,0.1188013147595258
